Position, Company, Location, URL
Business Intelligence Manager (9 Months Contract)의 전체 세부 정보,LEGO,서울,https://kr.indeed.com/rc/clk?jk=04e97ec1161daaf7&fccid=7ffb2f076144ee5d&vjs=3
[NEXON COMPANY] 부문별 신입 및 경력사원의 전체 세부 정보,엔미디어플랫폼,성남 분당구,https://kr.indeed.com/rc/clk?jk=0f9ed16a85dc8714&fccid=2cfb127a9d7ab3bc&vjs=3
[외국계 스타트업 미소] Business Analyst Intern (정규직 전환형)의 전체 세부 정보,유한회사 미소,서울,https://kr.indeed.com/rc/clk?jk=4c25d6649f8434a8&fccid=02936474a8d39137&vjs=3
[정보보안실] 보안플랫폼개발파트 인턴 영입의 전체 세부 정보,카카오엔터프라이즈,성남 분당구,https://kr.indeed.com/rc/clk?jk=a6c23a6e132deaf2&fccid=e19aa33fc391b310&vjs=3
한국행동과학연구소 각 부문 수시의 전체 세부 정보,한국행동과학연구소,서울 강남구,https://kr.indeed.com/rc/clk?jk=287a2f9783758916&fccid=bfea989faf5bd4e4&vjs=3
클라우드 플랫폼 운영 엔지니어의 전체 세부 정보,NHN Enterprise,성남 판교역,https://kr.indeed.com/rc/clk?jk=40e20a58af1e44ee&fccid=a72ebaf825acf7af&vjs=3
JR0186078 AI Research Engineer Intern의 전체 세부 정보,인텔코리아,서울,https://kr.indeed.com/rc/clk?jk=016de9bb83a8032d&fccid=ded06d6a6799d929&vjs=3
[정규직] 2022년 소프트웨어 연구개발 신입/경력 사원의 전체 세부 정보,스카이시스,울산 북구,https://kr.indeed.com/rc/clk?jk=9f50e72b1130520d&fccid=c182093a93404981&vjs=3
한국필립모리스 2022년 상반기 수시의 전체 세부 정보,한국필립모리스㈜,서울 영등포구,https://kr.indeed.com/rc/clk?jk=44e9ac7f0f94e784&fccid=fb7e65f74b012d18&vjs=3
연구소 R&D 인프라 운영의 전체 세부 정보,안랩,성남 분당구,https://kr.indeed.com/rc/clk?jk=5fe21ceab5a3ce0b&fccid=0b88b2af6686dd2b&vjs=3
BI팀 채용의 전체 세부 정보,GC녹십자지놈,용인 기흥구,https://kr.indeed.com/rc/clk?jk=4721ceaf47437a8b&fccid=d841ec1b32c04ab7&vjs=3
[네이버계열사][NIT Service] 네이버 파이낸셜 플랫폼 운영의 전체 세부 정보,엔아이티서비스,성남 분당구,https://kr.indeed.com/rc/clk?jk=f77f9abb42c655b7&fccid=d389f1042b660837&vjs=3
네이버 파이낸셜 플랫폼 운영의 전체 세부 정보,NIT Service,성남 서현동,https://kr.indeed.com/rc/clk?jk=807cfa585cf72eec&fccid=f85375bceacb7147&vjs=3
[TmaxGroup/AI] NLP/음성 AI모델 연구원(*전문연구요원 병역특례포함)의 전체 세부 정보,티맥스소프트,성남 분당구,https://kr.indeed.com/rc/clk?jk=9180d4b245fc8ddb&fccid=445576e2a7ced0d6&vjs=3
자율 주행  로봇 SW 개발자의 전체 세부 정보,에바,성남 수정구,https://kr.indeed.com/rc/clk?jk=e30fe92d72ceb17c&fccid=5cc87f5890bd7170&vjs=3
Data Engineering 분야 개발자의 전체 세부 정보,에스케이텔레콤,서울 중구,https://kr.indeed.com/rc/clk?jk=6ca0656d7bc91045&fccid=ce2f0f28b40a5be8&vjs=3
Data Engineering 분야 전문가/개발자의 전체 세부 정보,에스케이텔레콤,서울 중구,https://kr.indeed.com/rc/clk?jk=ccda292180fbf3e8&fccid=ce2f0f28b40a5be8&vjs=3
[NAVER Cloud] 시스템 엔지니어의 전체 세부 정보,네이버클라우드,성남 분당구,https://kr.indeed.com/rc/clk?jk=75dc525f15f4c03a&fccid=54815931228b42c0&vjs=3
일반직 경력직원 모집[정보보안 전문가]의 전체 세부 정보,코스콤,서울 여의도,https://kr.indeed.com/rc/clk?jk=97aa1e0f915cddbf&fccid=16b4c0cc1c3845a7&vjs=3
Python  웹개발 외 경력 정규직의 전체 세부 정보,디엠시스템,성남 중원구,https://kr.indeed.com/rc/clk?jk=895ac87621e91631&fccid=00c0703f222e3419&vjs=3
하반기 신입(채용 연계형 인턴) 수시채용의 전체 세부 정보,홈앤쇼핑,서울 마곡동,https://kr.indeed.com/rc/clk?jk=79fb95da6dff4025&fccid=ecf302baa35f2e54&vjs=3
SCM혁신 신입/경력 사원 공개채용의 전체 세부 정보,유한킴벌리,서울 신천동,https://kr.indeed.com/rc/clk?jk=c759fe51adbc3ea1&fccid=b946e043e6327409&vjs=3
[Cloud] 클라우드 엔지니어의 전체 세부 정보,한국카카오은행,성남 분당구,https://kr.indeed.com/rc/clk?jk=04ae13e99df5db2d&fccid=aea6a13a3459fdb2&vjs=3
2022년 9월 경력사원 (공정기술)의 전체 세부 정보,엘지에너지솔루션,청주 청원구,https://kr.indeed.com/rc/clk?jk=f61278f696dc17c1&fccid=00f21c4b7aa50602&vjs=3
AI 모빌리티 서비스의 미래 함께 열어갈 우수한 인재 찾습니다.의 전체 세부 정보,라온로드,성남 분당구,https://kr.indeed.com/rc/clk?jk=5133adebeb209d23&fccid=3f9a516642f6114a&vjs=3
[FrontEnd] 웹서비스 프론트엔드 개발자의 전체 세부 정보,한국카카오은행,성남 분당구,https://kr.indeed.com/rc/clk?jk=207c600998e380be&fccid=aea6a13a3459fdb2&vjs=3
Python 기반 빅데이터 처리 개발자의 전체 세부 정보,드림어스컴퍼니,서울 서초구,https://kr.indeed.com/rc/clk?jk=d364360d1e0368e3&fccid=d5dc18a57ad82f07&vjs=3
전문연구요원 (병역특례) 수시 (AI / HW 분야)의 전체 세부 정보,딥엑스,성남 분당구,https://kr.indeed.com/rc/clk?jk=78e99625e5de3c95&fccid=e34932b8232a173b&vjs=3
SW개발자 신입의 전체 세부 정보,컨트롤웍스,서울 강남구,https://kr.indeed.com/rc/clk?jk=ebbb216954057257&fccid=b9a4c1a753f43642&vjs=3
2022년 상반기 주식회사 쏘마 전 개발 직군 (백엔드  프론트엔드 외 신입/경력 정규직)의 전체 세부 정보,쏘마,성남 분당구,https://kr.indeed.com/rc/clk?jk=13ef6f86810c0843&fccid=a3463f311ce6421e&vjs=3
Kafka 담당자 영입의 전체 세부 정보,카카오페이,성남 분당구,https://kr.indeed.com/rc/clk?jk=97e9de2381da633d&fccid=c3aa6121be03065c&vjs=3
'22년 하반기 신입 R&D 채용의 전체 세부 정보,한화그룹,서울,https://kr.indeed.com/rc/clk?jk=53216e6973b5e2f3&fccid=bd0dc1817223394f&vjs=3
[인텔리전스랩스] 선행개발실 풀스택 개발자 (Vue/Node.js/Python)의 전체 세부 정보,Nexon,경기도 성남,https://kr.indeed.com/rc/clk?jk=8db1f42434ef0d60&fccid=aba87288e4cc3687&vjs=3
[R&D] 딥러닝 엔지니어의 전체 세부 정보,한국카카오은행,성남 분당구,https://kr.indeed.com/rc/clk?jk=09986d2a7ec2e979&fccid=aea6a13a3459fdb2&vjs=3
[인재풀] 아티스트 ART의 전체 세부 정보,Electronic Arts,서울,https://kr.indeed.com/rc/clk?jk=aac8e9355cb855ac&fccid=617d7f961cfcf54a&vjs=3
[선행기술원] Virtual 검증_HILS 분야[책임연구원]의 전체 세부 정보,현대자동차그룹,성남 판교역,https://kr.indeed.com/rc/clk?jk=ed3c88778977c020&fccid=980d6ecc399a3373&vjs=3
시스템엔지니어 신입/경력 정규직 [전문연구요원 지원 가능]의 전체 세부 정보,루미르,용인 수지구,https://kr.indeed.com/rc/clk?jk=8a0f5a8857c12e2e&fccid=6d6d49fea6335c41&vjs=3
게임 데이터 서비스/플랫폼 개발의 전체 세부 정보,NHN,성남 판교역,https://kr.indeed.com/rc/clk?jk=028f37ec9f6509a9&fccid=a72ebaf825acf7af&vjs=3
Explainable AI 연구 개발 신입 채용의 전체 세부 정보,CJ올리브네트웍스,성남 서현동,https://kr.indeed.com/rc/clk?jk=f94102acc758f433&fccid=f9d7b79c30512a85&vjs=3
C·C++  Python 외 신입/경력 정규직  인턴의 전체 세부 정보,골드엔에프티,성남 분당구,https://kr.indeed.com/rc/clk?jk=6d7d21ddb25ec3e1&fccid=8e714aa9ea8ab527&vjs=3
기술 인턴 인공지능 응용 연구/개발 인턴의 전체 세부 정보,써로마인드로보틱스,서울 관악구,https://kr.indeed.com/rc/clk?jk=71c47ac87bb4087e&fccid=230e414668234579&vjs=3
[카카오커머스] 기술직군의 전체 세부 정보,카카오커머스,성남 분당구,https://kr.indeed.com/rc/clk?jk=2b9e604e63e7e46d&fccid=b1f5de6cae96f6c2&vjs=3
카드 업무자동화 개발 및 운영 경력사원 채용의 전체 세부 정보,우리에프아이에스,서울 상암동,https://kr.indeed.com/rc/clk?jk=9411f32a856fe635&fccid=55bdd8211be46c4f&vjs=3
[선행기술원] AI 모델 데이터 최적화 기술[책임연구원]의 전체 세부 정보,현대자동차그룹,성남 판교역,https://kr.indeed.com/rc/clk?jk=88f6c889d813f95e&fccid=980d6ecc399a3373&vjs=3
데이터 분석 신입/경력 정규직의 전체 세부 정보,콘센트릭스서비스코리아,서울,https://kr.indeed.com/rc/clk?jk=7053ff070e1ebb55&fccid=7789b87d5d996c4a&vjs=3
데이터 분석 전문가의 전체 세부 정보,에스케이텔레콤,서울 중구,https://kr.indeed.com/rc/clk?jk=177e0e206497cc18&fccid=ce2f0f28b40a5be8&vjs=3
Technician3  Engineering의 전체 세부 정보,Western Digital,서울,https://kr.indeed.com/rc/clk?jk=b9ca85ef1235d2ca&fccid=b11a318411580b5b&vjs=3
2022년 상반기 백엔드 개발자의 전체 세부 정보,반달소프트,성남 분당구,https://kr.indeed.com/rc/clk?jk=1601f1bfe3302af5&fccid=f35f7fc5e918087a&vjs=3
Backend 개발의 전체 세부 정보,현대카드 캐피탈,서울 영등포구,https://kr.indeed.com/rc/clk?jk=8cfd75acb1c8da0b&fccid=fcc6d6b229369ff5&vjs=3
카카오 데이터의 가치를 발굴할 데이터 분석가 모집의 전체 세부 정보,카카오,성남 판교역,https://kr.indeed.com/rc/clk?jk=2b2dcd3ffe3d53df&fccid=32b9af632cf3b9f9&vjs=3
[신입/경력] 의료영상/음성인식/생체신호 연구원의 전체 세부 정보,뷰노코리아,서울 서초구,https://kr.indeed.com/rc/clk?jk=c35e9b72a11aa338&fccid=282d63dcd74d554d&vjs=3
Machine Learning Engineer Intern - Korea의 전체 세부 정보,MOLOCO,서울,https://kr.indeed.com/rc/clk?jk=69d3cc2cca262747&fccid=27317bcae2b26fe5&vjs=3
[선행기술원] Virtual검증 _ 검증/해석[책임연구원]의 전체 세부 정보,현대자동차그룹,성남 판교역,https://kr.indeed.com/rc/clk?jk=0d571c647c477c68&fccid=980d6ecc399a3373&vjs=3
Quantitative Research Intern의 전체 세부 정보,WorldQuant,서울,https://kr.indeed.com/rc/clk?jk=679e7e7466c71a3e&fccid=08487f979320ebae&vjs=3
[하나금융그룹] 데이터분석 모집의 전체 세부 정보,하나금융티아이,인천 청라동,https://kr.indeed.com/rc/clk?jk=67d8fe487c9744cb&fccid=eb82f052aed06b37&vjs=3
[신용리스크모델링 Intern] 개인 신용평가모형 개발 및 운영직(채용 연계형)의 전체 세부 정보,카카오뱅크,성남 삼평동,https://kr.indeed.com/rc/clk?jk=45ef50c3481fd92f&fccid=a8ac43179956a6aa&vjs=3
추천 시스템 연구/개발의 전체 세부 정보,카카오,성남 판교역,https://kr.indeed.com/rc/clk?jk=be6c1f03fa566f8e&fccid=32b9af632cf3b9f9&vjs=3
[선행기술원] AI 모델 경량화 기술 개발[책임연구원]의 전체 세부 정보,현대자동차그룹,성남 판교역,https://kr.indeed.com/rc/clk?jk=e54a2df63a096b76&fccid=980d6ecc399a3373&vjs=3
데이터/머신러닝 엔지니어 신입/경력의 전체 세부 정보,게임빌컴투스플랫폼,서울 금천구,https://kr.indeed.com/rc/clk?jk=0e010b089975a37a&fccid=54f10c800a9048d4&vjs=3
[외국계 스타트업 미소] Business Analyst의 전체 세부 정보,유한회사 미소,서울,https://kr.indeed.com/rc/clk?jk=51df90967b46e8f0&fccid=02936474a8d39137&vjs=3
Wi-Fi 소프트웨어 엔지니어 (신입/경력)의 전체 세부 정보,인피니언코리아,성남 분당구,https://kr.indeed.com/rc/clk?jk=acf2807bdb4705cb&fccid=50debe8434cd12fc&vjs=3
2022년 하반기 python 가능 직원의 전체 세부 정보,디엠시스템,성남 중원구,https://kr.indeed.com/rc/clk?jk=9af20aa5277a62a5&fccid=00c0703f222e3419&vjs=3
Vision AI 전문가의 전체 세부 정보,에스케이텔레콤,서울 중구,https://kr.indeed.com/rc/clk?jk=389f2263cccb859b&fccid=ce2f0f28b40a5be8&vjs=3
2022년 하반기 신입사원 (Network 기획/운용)의 전체 세부 정보,SK텔링크,서울 중구,https://kr.indeed.com/rc/clk?jk=8fc69fd4984a234e&fccid=2b8496d6944f9429&vjs=3
컴퓨터비전 개발자 경력 정규직의 전체 세부 정보,라이트비전,서울 성동구,https://kr.indeed.com/rc/clk?jk=8f0860c98cd7db86&fccid=e391d8e930358bac&vjs=3
Technical Support Engineer의 전체 세부 정보,MiR,대한민국,https://kr.indeed.com/rc/clk?jk=d205194a9ea8d437&fccid=fc5c650704eef98c&vjs=3
영상처리  컴퓨터 비전 전문가 (신입/경력)의 전체 세부 정보,에바,성남 수정구,https://kr.indeed.com/rc/clk?jk=2642a83874ea6bab&fccid=5cc87f5890bd7170&vjs=3
[하나금융그룹] 빅데이터 분석 모집의 전체 세부 정보,하나금융티아이,인천 청라동,https://kr.indeed.com/rc/clk?jk=e3e736b46dbb35cd&fccid=eb82f052aed06b37&vjs=3
[전문연구요원] AI Research Engineer의 전체 세부 정보,Upstage,경기도 용인,https://kr.indeed.com/rc/clk?jk=da4dec4594f59668&fccid=d407e3ac97a68326&vjs=3
NLP Research 분야 수시 모집의 전체 세부 정보,엔씨소프트,성남 판교역,https://kr.indeed.com/rc/clk?jk=00436aad4754be0b&fccid=a1e4e21b1f33cf40&vjs=3
[커넥트센터] AICC 개발 엔지니어 영입의 전체 세부 정보,카카오엔터프라이즈,성남 분당구,https://kr.indeed.com/rc/clk?jk=7cc738fa469f3074&fccid=e19aa33fc391b310&vjs=3
패션고 추천모델링 연구 개발의 전체 세부 정보,NHN FashionGo korea,성남 판교역,https://kr.indeed.com/rc/clk?jk=e13c32ba4eff23da&fccid=a72ebaf825acf7af&vjs=3
음성합성 보이스모델링 및 시스템 개발 전문가의 전체 세부 정보,에스케이텔레콤,서울 종로구,https://kr.indeed.com/rc/clk?jk=0750a2bf2534f8e0&fccid=ce2f0f28b40a5be8&vjs=3
[클라우드플랫폼실] System Engineering팀 클라우드 엔지니어의 전체 세부 정보,야놀자,서울 강남구,https://kr.indeed.com/rc/clk?jk=4ae5eb5bb613a826&fccid=73fe623ec23ed0a5&vjs=3
[INEEJI] (주)인이지 (AI연구소  기술컨설팅팀)의 전체 세부 정보,인이지,성남 분당구,https://kr.indeed.com/rc/clk?jk=7ebd9ec07ebad817&fccid=8a0714879bbe4b76&vjs=3
Senior Open Source Developer & DevOps (Python  Django  React  AWS/OpenStack),OpenCraft,Anywhere in the World,https://weworkremotely.com/remote-jobs/opencraft-senior-open-source-developer-devops-python-django-react-aws-openstack
(Senior) Python Full Stack Software Developer,Optimile,Europe Only,https://weworkremotely.com/remote-jobs/optimile-senior-python-full-stack-software-developer
Python / PHP Senior Developer for Ambitious Startup,Soundsnap/ Beatopia,Europe Only,https://weworkremotely.com/remote-jobs/soundsnap-beatopia-python-php-senior-developer-for-ambitious-startup
Senior Software Engineer  Python,AssemblyAI (YC 17),Anywhere in the World,https://weworkremotely.com/remote-jobs/assemblyai-yc-17-senior-software-engineer-python
Senior Python Developer - Full Remote ,Ebury,Latin America Only/Europe Only,https://weworkremotely.com/remote-jobs/ebury-senior-python-developer-full-remote-1
Python Developer - Remote,UpStack Technologies  Inc.,Americas Only/Europe Only,https://weworkremotely.com/remote-jobs/upstack-technologies-inc-python-developer-remote
Senior Backend Engineer (Python),TestGorilla,Anywhere in the World,https://weworkremotely.com/remote-jobs/testgorilla-senior-backend-engineer-python-7
Backend Engineer (Python),TestGorilla,Anywhere in the World,https://weworkremotely.com/remote-jobs/testgorilla-backend-engineer-python-6
Python Developer,Lemon.io,Latin America Only/Europe Only,https://weworkremotely.com/remote-jobs/lemon-io-python-developer-1
Backend Engineer - Integrations (Python),Cerity Partners LLC,USA Only,https://weworkremotely.com/remote-jobs/cerity-partners-llc-backend-engineer-integrations-python
Senior Back End Developer (Python) - [Remote],EventMobi,Anywhere in the World,https://weworkremotely.com/remote-jobs/eventmobi-senior-back-end-developer-python-remote
Python Platform Engineer,Doximity,Americas Only,https://weworkremotely.com/remote-jobs/doximity-python-platform-engineer
Software Development Engineer in Test – Python – Cyprus  Greece or Remote ,XM,Anywhere in the World,https://weworkremotely.com/remote-jobs/xm-software-development-engineer-in-test-python-cyprus-greece-or-remote-1
Senior QA Software Test Automation Engineer – Python – Cyprus  Greece  Remote ,XM,Anywhere in the World,https://weworkremotely.com/remote-jobs/xm-senior-qa-software-test-automation-engineer-python-cyprus-greece-remote-1
